{
  "$type": "text",
  "StyledText": {
    "StyleRuns": [
      {
        "Text": "HAPPY\n30TH\n",
        "Style": {
          "Family": "REM",
          "Size": 82.15555,
          "Foreground": "#00000000",
          "Outline": "24.280575 0 #ff000000"
        }
      },
      {
        "Text": "BIRTHDAY",
        "Style": {
          "Family": "REM",
          "Size": 82.15555,
          "Foreground": "#00000000",
          "Outline": "24.280575 0 #ff000000"
        }
      },
      {
        "Text": "\n",
        "Style": {
          "Family": "REM",
          "Size": 82.15555,
          "Foreground": "#00000000",
          "Outline": "24.280575 0 #ff000000"
        }
      },
      {
        "Text": "May the cocktails keep flowing\n",
        "Style": {
          "Family": "Montserrat",
          "Size": 26.177284
        }
      },
      {
        "Text": "and the good times keep rolling!",
        "Style": {
          "Family": "Montserrat",
          "Size": 26.177284
        }
      }
    ]
  },
  "Width": 427,
  "Height": 372,
  "RenderTransform": {
    "ScaleX": 1,
    "ScaleY": 1,
    "TranslationX": 288.52794675184737,
    "TranslationY": 362.1089448725319
  },
  "Name": "Text 1"
}