{
  "$type": "text",
  "StyledText": {
    "StyleRuns": [
      {
        "Text": "Beach\n",
        "Style": {
          "Family": "Kaushan Script",
          "Size": 134.52011,
          "Foreground": "#ff5ce1e6",
          "LineHeight": 0.5,
          "Shadow": "30 30 30 0 #66000000"
        }
      },
      {
        "Text": "  ",
        "Style": {
          "Family": "Kaushan Script",
          "Size": 134.52011,
          "LineHeight": 0.5,
          "Shadow": "30 30 30 0 #66000000"
        }
      },
      {
        "Text": "Please",
        "Style": {
          "Family": "Kaushan Script",
          "Size": 134.52011,
          "Foreground": "#ffffde59",
          "LineHeight": 0.5,
          "Shadow": "30 30 30 0 #66000000"
        }
      }
    ]
  },
  "Width": 427,
  "Height": 199,
  "RenderTransform": {
    "ScaleX": 1,
    "ScaleY": 1,
    "TranslationX": 446.76928969613834,
    "TranslationY": 277.9955995380248
  },
  "Name": "Text 1"
}