{
  "$type": "text",
  "StyledText": {
    "StyleRuns": [
      {
        "Text": "GLOW",
        "Style": {
          "Family": "Big Shoulders Display",
          "Size": 228.11058,
          "Foreground": "#ffff96d5",
          "Weight": 600,
          "Outline": "solid 8.093526 39.92806 #ffff0099"
        }
      }
    ]
  },
  "TextAlignment": "Center",
  "Width": 427,
  "Height": 273,
  "RenderTransform": {
    "ScaleX": 1,
    "ScaleY": 1,
    "TranslationX": 44.387,
    "TranslationY": 417.817
  },
  "Name": "Text 1"
}