{
  "$type": "text",
  "StyledText": {
    "StyleRuns": [
      {
        "Text": "HUGE",
        "Style": {
          "Family": "Libre Franklin",
          "Size": 128.71667,
          "Foreground": "#ffffdf2b",
          "Weight": 900,
          "Spacing": 39.37008
        }
      },
      {
        "Text": "\n",
        "Style": {
          "Family": "Libre Franklin",
          "Size": 128.71667,
          "Foreground": "#ffffdf2b",
          "Weight": 900,
          "Spacing": 39.37008,
          "Outline": "50 0 #ffffdf2b"
        }
      },
      {
        "Text": "SALE",
        "Style": {
          "Family": "Libre Franklin",
          "Size": 128.71667,
          "Foreground": "#00ffdf2b",
          "Weight": 600,
          "Spacing": 39.37008,
          "Outline": "50 0 #ffffdf2b"
        }
      }
    ]
  },
  "TextAlignment": "Center",
  "Width": 427,
  "Height": 312,
  "RenderTransform": {
    "ScaleX": 1,
    "ScaleY": 1,
    "TranslationX": 752.867,
    "TranslationY": 485.478
  },
  "Name": "Text 1"
}