{
  "$type": "text",
  "StyledText": {
    "StyleRuns": [
      {
        "Text": "B",
        "Style": {
          "Family": "REM",
          "Size": 98.74967,
          "Foreground": "#ffffffff",
          "Background": "#ff036e2a"
        }
      },
      {
        "Text": "r",
        "Style": {
          "Family": "REM",
          "Size": 98.74967,
          "Foreground": "#ffffffff",
          "Background": "#ff036e2a",
          "Spacing": 62.204723
        }
      },
      {
        "Text": "eaking",
        "Style": {
          "Family": "REM",
          "Size": 98.74967,
          "Foreground": "#ff036e2a"
        }
      },
      {
        "Text": "\n",
        "Style": {
          "Family": "REM",
          "Size": 98.74967,
          "Foreground": "#ffffffff"
        }
      },
      {
        "Text": "B",
        "Style": {
          "Family": "REM",
          "Size": 98.74967,
          "Foreground": "#ffffffff",
          "Background": "#ff036e2a"
        }
      },
      {
        "Text": "a",
        "Style": {
          "Family": "REM",
          "Size": 98.74967,
          "Foreground": "#ffffffff",
          "Background": "#ff036e2a",
          "Spacing": 25.984251
        }
      },
      {
        "Text": "d",
        "Style": {
          "Family": "REM",
          "Size": 98.74967,
          "Foreground": "#ff036e2a"
        }
      }
    ]
  },
  "TextAlignment": "Center",
  "Width": 428,
  "Height": 247,
  "RenderTransform": {
    "ScaleX": 1,
    "ScaleY": 1,
    "TranslationX": 379.8809041827653,
    "TranslationY": 178.79016417598928
  },
  "Name": "Text 3"
}